<?xml version="1.0" encoding="UTF-8"?>
<!DOCTYPE mapper PUBLIC "-//mybatis.org//DTD Mapper 3.0//EN" "http://mybatis.org/dtd/mybatis-3-mapper.dtd">
<mapper namespace="com.online.taxi.servicepassengeruser.dao.ServicePassengerUserInfoDao">
  <resultMap id="BaseResultMap" type="com.online.taxi.servicepassengeruser.entity.ServicePassengerUserInfo">
    <id column="id" jdbcType="BIGINT" property="id" />
    <result column="register_date" jdbcType="TIMESTAMP" property="registerDate" />
    <result column="passenger_phone" jdbcType="VARCHAR" property="passengerPhone" />
    <result column="passenger_name" jdbcType="VARCHAR" property="passengerName" />
    <result column="passenger_gender" jdbcType="TINYINT" property="passengerGender" />
    <result column="user_state" jdbcType="TINYINT" property="userState" />
    <result column="create_time" jdbcType="TIMESTAMP" property="createTime" />
    <result column="update_time" jdbcType="TIMESTAMP" property="updateTime" />
  </resultMap>
  <sql id="Base_Column_List">
    id, register_date, passenger_phone, passenger_name, passenger_gender, user_state, 
    create_time, update_time
  </sql>
  <select id="selectByPrimaryKey" parameterType="java.lang.Long" resultMap="BaseResultMap">
    select 
    <include refid="Base_Column_List" />
    from service_passenger_user_info
    where id = #{id,jdbcType=BIGINT}
  </select>
  <delete id="deleteByPrimaryKey" parameterType="java.lang.Long">
    delete from service_passenger_user_info
    where id = #{id,jdbcType=BIGINT}
  </delete>
  <insert id="insert" keyColumn="id" keyProperty="id" parameterType="com.online.taxi.servicepassengeruser.entity.ServicePassengerUserInfo" useGeneratedKeys="true">
    insert into service_passenger_user_info (register_date, passenger_phone, passenger_name, 
      passenger_gender, user_state, create_time, 
      update_time)
    values (#{registerDate,jdbcType=TIMESTAMP}, #{passengerPhone,jdbcType=VARCHAR}, #{passengerName,jdbcType=VARCHAR}, 
      #{passengerGender,jdbcType=TINYINT}, #{userState,jdbcType=TINYINT}, #{createTime,jdbcType=TIMESTAMP}, 
      #{updateTime,jdbcType=TIMESTAMP})
  </insert>
  <insert id="insertSelective" keyColumn="id" keyProperty="id" parameterType="com.online.taxi.servicepassengeruser.entity.ServicePassengerUserInfo" useGeneratedKeys="true">
    insert into service_passenger_user_info
    <trim prefix="(" suffix=")" suffixOverrides=",">
      <if test="registerDate != null">
        register_date,
      </if>
      <if test="passengerPhone != null">
        passenger_phone,
      </if>
      <if test="passengerName != null">
        passenger_name,
      </if>
      <if test="passengerGender != null">
        passenger_gender,
      </if>
      <if test="userState != null">
        user_state,
      </if>
      <if test="createTime != null">
        create_time,
      </if>
      <if test="updateTime != null">
        update_time,
      </if>
    </trim>
    <trim prefix="values (" suffix=")" suffixOverrides=",">
      <if test="registerDate != null">
        #{registerDate,jdbcType=TIMESTAMP},
      </if>
      <if test="passengerPhone != null">
        #{passengerPhone,jdbcType=VARCHAR},
      </if>
      <if test="passengerName != null">
        #{passengerName,jdbcType=VARCHAR},
      </if>
      <if test="passengerGender != null">
        #{passengerGender,jdbcType=TINYINT},
      </if>
      <if test="userState != null">
        #{userState,jdbcType=TINYINT},
      </if>
      <if test="createTime != null">
        #{createTime,jdbcType=TIMESTAMP},
      </if>
      <if test="updateTime != null">
        #{updateTime,jdbcType=TIMESTAMP},
      </if>
    </trim>
  </insert>
  <update id="updateByPrimaryKeySelective" parameterType="com.online.taxi.servicepassengeruser.entity.ServicePassengerUserInfo">
    update service_passenger_user_info
    <set>
      <if test="registerDate != null">
        register_date = #{registerDate,jdbcType=TIMESTAMP},
      </if>
      <if test="passengerPhone != null">
        passenger_phone = #{passengerPhone,jdbcType=VARCHAR},
      </if>
      <if test="passengerName != null">
        passenger_name = #{passengerName,jdbcType=VARCHAR},
      </if>
      <if test="passengerGender != null">
        passenger_gender = #{passengerGender,jdbcType=TINYINT},
      </if>
      <if test="userState != null">
        user_state = #{userState,jdbcType=TINYINT},
      </if>
      <if test="createTime != null">
        create_time = #{createTime,jdbcType=TIMESTAMP},
      </if>
      <if test="updateTime != null">
        update_time = #{updateTime,jdbcType=TIMESTAMP},
      </if>
    </set>
    where id = #{id,jdbcType=BIGINT}
  </update>
  <update id="updateByPrimaryKey" parameterType="com.online.taxi.servicepassengeruser.entity.ServicePassengerUserInfo">
    update service_passenger_user_info
    set register_date = #{registerDate,jdbcType=TIMESTAMP},
      passenger_phone = #{passengerPhone,jdbcType=VARCHAR},
      passenger_name = #{passengerName,jdbcType=VARCHAR},
      passenger_gender = #{passengerGender,jdbcType=TINYINT},
      user_state = #{userState,jdbcType=TINYINT},
      create_time = #{createTime,jdbcType=TIMESTAMP},
      update_time = #{updateTime,jdbcType=TIMESTAMP}
    where id = #{id,jdbcType=BIGINT}
  </update>
</mapper>