<?xml version="1.0" encoding="UTF-8"?>
<!DOCTYPE mapper PUBLIC "-//mybatis.org//DTD Mapper 3.0//EN" "http://mybatis.org/dtd/mybatis-3-mapper.dtd">
<mapper namespace="com.mashibing.servicesms.dao.ServiceSmsTemplateDao">
  <resultMap id="BaseResultMap" type="com.mashibing.servicesms.entity.ServiceSmsTemplate">
    <id column="id" jdbcType="INTEGER" property="id" />
    <result column="template_id" jdbcType="VARCHAR" property="templateId" />
    <result column="template_name" jdbcType="VARCHAR" property="templateName" />
    <result column="template_content" jdbcType="VARCHAR" property="templateContent" />
    <result column="template_type" jdbcType="BOOLEAN" property="templateType" />
    <result column="create_time" jdbcType="TIMESTAMP" property="createTime" />
    <result column="update_time" jdbcType="TIMESTAMP" property="updateTime" />
  </resultMap>
  <sql id="Base_Column_List">
    id, template_id, template_name, template_content, template_type, create_time, update_time
  </sql>
  <select id="selectByPrimaryKey" parameterType="java.lang.Integer" resultMap="BaseResultMap">
    select 
    <include refid="Base_Column_List" />
    from service_sms_template
    where id = #{id,jdbcType=INTEGER}
  </select>
  <delete id="deleteByPrimaryKey" parameterType="java.lang.Integer">
    delete from service_sms_template
    where id = #{id,jdbcType=INTEGER}
  </delete>
  <insert id="insert" keyColumn="id" keyProperty="id" parameterType="com.mashibing.servicesms.entity.ServiceSmsTemplate" useGeneratedKeys="true">
    insert into service_sms_template (template_id, template_name, template_content, 
      template_type, create_time, update_time
      )
    values (#{templateId,jdbcType=VARCHAR}, #{templateName,jdbcType=VARCHAR}, #{templateContent,jdbcType=VARCHAR}, 
      #{templateType,jdbcType=BOOLEAN}, #{createTime,jdbcType=TIMESTAMP}, #{updateTime,jdbcType=TIMESTAMP}
      )
  </insert>
  <insert id="insertSelective" keyColumn="id" keyProperty="id" parameterType="com.mashibing.servicesms.entity.ServiceSmsTemplate" useGeneratedKeys="true">
    insert into service_sms_template
    <trim prefix="(" suffix=")" suffixOverrides=",">
      <if test="templateId != null">
        template_id,
      </if>
      <if test="templateName != null">
        template_name,
      </if>
      <if test="templateContent != null">
        template_content,
      </if>
      <if test="templateType != null">
        template_type,
      </if>
      <if test="createTime != null">
        create_time,
      </if>
      <if test="updateTime != null">
        update_time,
      </if>
    </trim>
    <trim prefix="values (" suffix=")" suffixOverrides=",">
      <if test="templateId != null">
        #{templateId,jdbcType=VARCHAR},
      </if>
      <if test="templateName != null">
        #{templateName,jdbcType=VARCHAR},
      </if>
      <if test="templateContent != null">
        #{templateContent,jdbcType=VARCHAR},
      </if>
      <if test="templateType != null">
        #{templateType,jdbcType=BOOLEAN},
      </if>
      <if test="createTime != null">
        #{createTime,jdbcType=TIMESTAMP},
      </if>
      <if test="updateTime != null">
        #{updateTime,jdbcType=TIMESTAMP},
      </if>
    </trim>
  </insert>
  <update id="updateByPrimaryKeySelective" parameterType="com.mashibing.servicesms.entity.ServiceSmsTemplate">
    update service_sms_template
    <set>
      <if test="templateId != null">
        template_id = #{templateId,jdbcType=VARCHAR},
      </if>
      <if test="templateName != null">
        template_name = #{templateName,jdbcType=VARCHAR},
      </if>
      <if test="templateContent != null">
        template_content = #{templateContent,jdbcType=VARCHAR},
      </if>
      <if test="templateType != null">
        template_type = #{templateType,jdbcType=BOOLEAN},
      </if>
      <if test="createTime != null">
        create_time = #{createTime,jdbcType=TIMESTAMP},
      </if>
      <if test="updateTime != null">
        update_time = #{updateTime,jdbcType=TIMESTAMP},
      </if>
    </set>
    where id = #{id,jdbcType=INTEGER}
  </update>
  <update id="updateByPrimaryKey" parameterType="com.mashibing.servicesms.entity.ServiceSmsTemplate">
    update service_sms_template
    set template_id = #{templateId,jdbcType=VARCHAR},
      template_name = #{templateName,jdbcType=VARCHAR},
      template_content = #{templateContent,jdbcType=VARCHAR},
      template_type = #{templateType,jdbcType=BOOLEAN},
      create_time = #{createTime,jdbcType=TIMESTAMP},
      update_time = #{updateTime,jdbcType=TIMESTAMP}
    where id = #{id,jdbcType=INTEGER}
  </update>
</mapper>