<?xml version="1.0" encoding="UTF-8"?>
<!DOCTYPE mapper PUBLIC "-//mybatis.org//DTD Mapper 3.0//EN" "http://mybatis.org/dtd/mybatis-3-mapper.dtd">
<mapper namespace="com.online.taxi.order.dao.TblOrderDao">
  <resultMap id="BaseResultMap" type="com.online.taxi.order.entity.TblOrder">
    <id column="order_id" jdbcType="INTEGER" property="orderId" />
    <result column="order_status" jdbcType="INTEGER" property="orderStatus" />
  </resultMap>
  <sql id="Base_Column_List">
    order_id, order_status
  </sql>
  <select id="selectByPrimaryKey" parameterType="java.lang.Integer" resultMap="BaseResultMap">
    select 
    <include refid="Base_Column_List" />
    from tbl_order
    where order_id = #{orderId,jdbcType=INTEGER}
  </select>
  <delete id="deleteByPrimaryKey" parameterType="java.lang.Integer">
    delete from tbl_order
    where order_id = #{orderId,jdbcType=INTEGER}
  </delete>
  <insert id="insert" keyColumn="order_id" keyProperty="orderId" parameterType="com.online.taxi.order.entity.TblOrder" useGeneratedKeys="true">
    insert into tbl_order (order_status)
    values (#{orderStatus,jdbcType=INTEGER})
  </insert>
  <insert id="insertSelective" keyColumn="order_id" keyProperty="orderId" parameterType="com.online.taxi.order.entity.TblOrder" useGeneratedKeys="true">
    insert into tbl_order
    <trim prefix="(" suffix=")" suffixOverrides=",">
      <if test="orderStatus != null">
        order_status,
      </if>
    </trim>
    <trim prefix="values (" suffix=")" suffixOverrides=",">
      <if test="orderStatus != null">
        #{orderStatus,jdbcType=INTEGER},
      </if>
    </trim>
  </insert>
  <update id="updateByPrimaryKeySelective" parameterType="com.online.taxi.order.entity.TblOrder">
    update tbl_order
    <set>
      <if test="orderStatus != null">
        order_status = #{orderStatus,jdbcType=INTEGER},
      </if>
    </set>
    where order_id = #{orderId,jdbcType=INTEGER}
  </update>
  <update id="updateByPrimaryKey" parameterType="com.online.taxi.order.entity.TblOrder">
    update tbl_order
    set order_status = #{orderStatus,jdbcType=INTEGER}
    where order_id = #{orderId,jdbcType=INTEGER}
  </update>
</mapper>