<?xml version="1.0" encoding="UTF-8"?>
<!DOCTYPE mapper PUBLIC "-//mybatis.org//DTD Mapper 3.0//EN" "http://mybatis.org/dtd/mybatis-3-mapper.dtd">
<mapper namespace="com.mashibing.producer.dao.OrderBaseDao">
  <resultMap id="BaseResultMap" type="com.mashibing.producer.entity.OrderBase">
    <id column="id" jdbcType="INTEGER" property="id" />
    <result column="order_no" jdbcType="VARCHAR" property="orderNo" />
  </resultMap>
  <sql id="Base_Column_List">
    id, order_no
  </sql>
  <select id="selectByPrimaryKey" parameterType="java.lang.Integer" resultMap="BaseResultMap">
    select 
    <include refid="Base_Column_List" />
    from order_base
    where id = #{id,jdbcType=INTEGER}
  </select>
  <delete id="deleteByPrimaryKey" parameterType="java.lang.Integer">
    delete from order_base
    where id = #{id,jdbcType=INTEGER}
  </delete>
  <insert id="insert" keyColumn="id" keyProperty="id" parameterType="com.mashibing.producer.entity.OrderBase" useGeneratedKeys="true">
    insert into order_base (order_no)
    values (#{orderNo,jdbcType=VARCHAR})
  </insert>
  <insert id="insertSelective" keyColumn="id" keyProperty="id" parameterType="com.mashibing.producer.entity.OrderBase" useGeneratedKeys="true">
    insert into order_base
    <trim prefix="(" suffix=")" suffixOverrides=",">
      <if test="orderNo != null">
        order_no,
      </if>
    </trim>
    <trim prefix="values (" suffix=")" suffixOverrides=",">
      <if test="orderNo != null">
        #{orderNo,jdbcType=VARCHAR},
      </if>
    </trim>
  </insert>
  <update id="updateByPrimaryKeySelective" parameterType="com.mashibing.producer.entity.OrderBase">
    update order_base
    <set>
      <if test="orderNo != null">
        order_no = #{orderNo,jdbcType=VARCHAR},
      </if>
    </set>
    where id = #{id,jdbcType=INTEGER}
  </update>
  <update id="updateByPrimaryKey" parameterType="com.mashibing.producer.entity.OrderBase">
    update order_base
    set order_no = #{orderNo,jdbcType=VARCHAR}
    where id = #{id,jdbcType=INTEGER}
  </update>
</mapper>