<?xml version="1.0" encoding="UTF-8"?>
<!DOCTYPE mapper PUBLIC "-//mybatis.org//DTD Mapper 3.0//EN" "http://mybatis.org/dtd/mybatis-3-mapper.dtd">
<mapper namespace="com.mashibing.producer.dao.TblPointsDao">
  <resultMap id="BaseResultMap" type="com.mashibing.producer.entity.TblPoints">
    <id column="id" jdbcType="BIGINT" property="id" />
    <result column="user_id" jdbcType="BIGINT" property="userId" />
    <result column="order_no" jdbcType="VARCHAR" property="orderNo" />
    <result column="points" jdbcType="INTEGER" property="points" />
    <result column="remarks" jdbcType="VARCHAR" property="remarks" />
  </resultMap>
  <sql id="Base_Column_List">
    id, user_id, order_no, points, remarks
  </sql>
  <select id="selectByPrimaryKey" parameterType="java.lang.Long" resultMap="BaseResultMap">
    select 
    <include refid="Base_Column_List" />
    from tbl_points
    where id = #{id,jdbcType=BIGINT}
  </select>
  <delete id="deleteByPrimaryKey" parameterType="java.lang.Long">
    delete from tbl_points
    where id = #{id,jdbcType=BIGINT}
  </delete>
  <insert id="insert" keyColumn="id" keyProperty="id" parameterType="com.mashibing.producer.entity.TblPoints" useGeneratedKeys="true">
    insert into tbl_points (user_id, order_no, points, 
      remarks)
    values (#{userId,jdbcType=BIGINT}, #{orderNo,jdbcType=VARCHAR}, #{points,jdbcType=INTEGER}, 
      #{remarks,jdbcType=VARCHAR})
  </insert>
  <insert id="insertSelective" keyColumn="id" keyProperty="id" parameterType="com.mashibing.producer.entity.TblPoints" useGeneratedKeys="true">
    insert into tbl_points
    <trim prefix="(" suffix=")" suffixOverrides=",">
      <if test="userId != null">
        user_id,
      </if>
      <if test="orderNo != null">
        order_no,
      </if>
      <if test="points != null">
        points,
      </if>
      <if test="remarks != null">
        remarks,
      </if>
    </trim>
    <trim prefix="values (" suffix=")" suffixOverrides=",">
      <if test="userId != null">
        #{userId,jdbcType=BIGINT},
      </if>
      <if test="orderNo != null">
        #{orderNo,jdbcType=VARCHAR},
      </if>
      <if test="points != null">
        #{points,jdbcType=INTEGER},
      </if>
      <if test="remarks != null">
        #{remarks,jdbcType=VARCHAR},
      </if>
    </trim>
  </insert>
  <update id="updateByPrimaryKeySelective" parameterType="com.mashibing.producer.entity.TblPoints">
    update tbl_points
    <set>
      <if test="userId != null">
        user_id = #{userId,jdbcType=BIGINT},
      </if>
      <if test="orderNo != null">
        order_no = #{orderNo,jdbcType=VARCHAR},
      </if>
      <if test="points != null">
        points = #{points,jdbcType=INTEGER},
      </if>
      <if test="remarks != null">
        remarks = #{remarks,jdbcType=VARCHAR},
      </if>
    </set>
    where id = #{id,jdbcType=BIGINT}
  </update>
  <update id="updateByPrimaryKey" parameterType="com.mashibing.producer.entity.TblPoints">
    update tbl_points
    set user_id = #{userId,jdbcType=BIGINT},
      order_no = #{orderNo,jdbcType=VARCHAR},
      points = #{points,jdbcType=INTEGER},
      remarks = #{remarks,jdbcType=VARCHAR}
    where id = #{id,jdbcType=BIGINT}
  </update>
</mapper>