<?xml version="1.0" encoding="UTF-8"?>
<!DOCTYPE mapper PUBLIC "-//mybatis.org//DTD Mapper 3.0//EN" "http://mybatis.org/dtd/mybatis-3-mapper.dtd">
<mapper namespace="com.mashibing.cloudzuul.dao.CommonGrayRuleDao">
  <resultMap id="BaseResultMap" type="com.mashibing.cloudzuul.entity.CommonGrayRule">
    <id column="id" jdbcType="INTEGER" property="id" />
    <result column="user_id" jdbcType="INTEGER" property="userId" />
    <result column="service_name" jdbcType="VARCHAR" property="serviceName" />
    <result column="version" jdbcType="VARCHAR" property="version" />
  </resultMap>


  <sql id="Base_Column_List">
    id, user_id, service_name, version
  </sql>
  <select id="selectByPrimaryKey" parameterType="java.lang.Integer" resultMap="BaseResultMap">
    select 
    <include refid="Base_Column_List" />
    from common_gray_rule
    where id = #{id,jdbcType=INTEGER}
  </select>
  <delete id="deleteByPrimaryKey" parameterType="java.lang.Integer">
    delete from common_gray_rule
    where id = #{id,jdbcType=INTEGER}
  </delete>
  <insert id="insert" keyColumn="id" keyProperty="id" parameterType="com.mashibing.cloudzuul.entity.CommonGrayRule" useGeneratedKeys="true">
    insert into common_gray_rule (user_id, service_name, version
      )
    values (#{userId,jdbcType=INTEGER}, #{serviceName,jdbcType=VARCHAR}, #{version,jdbcType=VARCHAR}
      )
  </insert>
  <insert id="insertSelective" keyColumn="id" keyProperty="id" parameterType="com.mashibing.cloudzuul.entity.CommonGrayRule" useGeneratedKeys="true">
    insert into common_gray_rule
    <trim prefix="(" suffix=")" suffixOverrides=",">
      <if test="userId != null">
        user_id,
      </if>
      <if test="serviceName != null">
        service_name,
      </if>
      <if test="version != null">
        version,
      </if>
    </trim>
    <trim prefix="values (" suffix=")" suffixOverrides=",">
      <if test="userId != null">
        #{userId,jdbcType=INTEGER},
      </if>
      <if test="serviceName != null">
        #{serviceName,jdbcType=VARCHAR},
      </if>
      <if test="version != null">
        #{version,jdbcType=VARCHAR},
      </if>
    </trim>
  </insert>
  <update id="updateByPrimaryKeySelective" parameterType="com.mashibing.cloudzuul.entity.CommonGrayRule">
    update common_gray_rule
    <set>
      <if test="userId != null">
        user_id = #{userId,jdbcType=INTEGER},
      </if>
      <if test="serviceName != null">
        service_name = #{serviceName,jdbcType=VARCHAR},
      </if>
      <if test="version != null">
        version = #{version,jdbcType=VARCHAR},
      </if>
    </set>
    where id = #{id,jdbcType=INTEGER}
  </update>
  <update id="updateByPrimaryKey" parameterType="com.mashibing.cloudzuul.entity.CommonGrayRule">
    update common_gray_rule
    set user_id = #{userId,jdbcType=INTEGER},
      service_name = #{serviceName,jdbcType=VARCHAR},
      version = #{version,jdbcType=VARCHAR}
    where id = #{id,jdbcType=INTEGER}
  </update>
</mapper>